Workbook

Sheet Dashboard
A1: Student Performance Analytics Dashboard
A2: Portfolio project by Siphosethu Nomthandazo Nkala
B4: Total Students | D4: Pass Rate | F4: Avg Term 2 Score | H4: Avg Attendance
B5: =COUNTA(Data_Students!A2:A16) -> 15 | D5: =COUNTIF(Data_Students!H2:H16,"Pass")/COUNTA(Data_Students!H2:H16) -> 0.8 | F5: =ROUND(AVERAGE(Data_Students!F2:F16),1) -> 70.7 | H5: =AVERAGE(Data_Students!G2:G16) -> 0.914
A9: Pass Rate by Subject | E9: Average Term 2 Score by Grade
A10: Subject | B10: Students | C10: Pass Rate | E10: Grade | F10: Students | G10: Avg Term 2 Score
A11: History | B11: =COUNTIF(Data_Students!D2:D16,A11) -> 4 | C11: =COUNTIFS(Data_Students!D2:D16,A11,Data_Students!H2:H16,"Pass")/B11 -> 1 | E11: Grade 10 | F11: =COUNTIF(Data_Students!C2:C16,E11) -> 6 | G11: =ROUND(AVERAGEIF(Data_Students!C2:C16,E11,Data_Students!F2:F16),1) -> 69.3
A12: Mathematics | B12: =COUNTIF(Data_Students!D2:D16,A12) -> 5 | C12: =COUNTIFS(Data_Students!D2:D16,A12,Data_Students!H2:H16,"Pass")/B12 -> 0.8 | E12: Grade 11 | F12: =COUNTIF(Data_Students!C2:C16,E12) -> 5 | G12: =ROUND(AVERAGEIF(Data_Students!C2:C16,E12,Data_Students!F2:F16),1) -> 75.4
A13: Science | B13: =COUNTIF(Data_Students!D2:D16,A13) -> 6 | C13: =COUNTIFS(Data_Students!D2:D16,A13,Data_Students!H2:H16,"Pass")/B13 -> 0.66666667 | E13: Grade 12 | F13: =COUNTIF(Data_Students!C2:C16,E13) -> 4 | G13: =ROUND(AVERAGEIF(Data_Students!C2:C16,E13,Data_Students!F2:F16),1) -> 66.8
A17: Term 1 to Term 2 Score Change (Top Movers) | F17: Attendance Risk List (Below 90%)
A18: Name | B18: Term 1 | C18: Term 2 | D18: Change | F18: Name | G18: Attendance | H18: Pass/Fail
A19: =Data_Students!B2 -> Amara Okafor | B19: =Data_Students!E2 -> 80 | C19: =Data_Students!F2 -> 85 | D19: =C19-B19 -> 5 | F19: =IF(Data_Students!G2<0.9,Data_Students!B2,"") | G19: =IF(Data_Students!G2<0.9,Data_Students!G2,"") | H19: =IF(Data_Students!G2<0.9,Data_Students!H2,"")
A20: =Data_Students!B3 -> Ava Mokoena | B20: =Data_Students!E3 -> 71 | C20: =Data_Students!F3 -> 75 | D20: =C20-B20 -> 4 | F20: =IF(Data_Students!G3<0.9,Data_Students!B3,"") | G20: =IF(Data_Students!G3<0.9,Data_Students!G3,"") | H20: =IF(Data_Students!G3<0.9,Data_Students!H3,"")
A21: =Data_Students!B4 -> Chloe De Beer | B21: =Data_Students!E4 -> 77 | C21: =Data_Students!F4 -> 81 | D21: =C21-B21 -> 4 | F21: =IF(Data_Students!G4<0.9,Data_Students!B4,"") | G21: =IF(Data_Students!G4<0.9,Data_Students!G4,"") | H21: =IF(Data_Students!G4<0.9,Data_Students!H4,"")
A22: =Data_Students!B5 -> Elijah Jones | B22: =Data_Students!E5 -> 52 | C22: =Data_Students!F5 -> 48 | D22: =C22-B22 -> -4 | F22: =IF(Data_Students!G5<0.9,Data_Students!B5,"") -> Elijah Jones | G22: =IF(Data_Students!G5<0.9,Data_Students!G5,"") -> 0.84 | H22: =IF(Data_Students!G5<0.9,Data_Students!H5,"") -> Pass
A23: =Data_Students!B6 -> Ethan Smith | B23: =Data_Students!E6 -> 73 | C23: =Data_Students!F6 -> 71 | D23: =C23-B23 -> -2 | F23: =IF(Data_Students!G6<0.9,Data_Students!B6,"") -> Ethan Smith | G23: =IF(Data_Students!G6<0.9,Data_Students!G6,"") -> 0.88 | H23: =IF(Data_Students!G6<0.9,Data_Students!H6,"") -> Pass
A24: =Data_Students!B7 -> Fatima Patel | B24: =Data_Students!E7 -> 91 | C24: =Data_Students!F7 -> 94 | D24: =C24-B24 -> 3 | F24: =IF(Data_Students!G7<0.9,Data_Students!B7,"") | G24: =IF(Data_Students!G7<0.9,Data_Students!G7,"") | H24: =IF(Data_Students!G7<0.9,Data_Students!H7,"")
A25: =Data_Students!B8 -> Liam Naidoo | B25: =Data_Students!E8 -> 85 | C25: =Data_Students!F8 -> 88 | D25: =C25-B25 -> 3 | F25: =IF(Data_Students!G8<0.9,Data_Students!B8,"") | G25: =IF(Data_Students!G8<0.9,Data_Students!G8,"") | H25: =IF(Data_Students!G8<0.9,Data_Students!H8,"")
A26: =Data_Students!B9 -> Lucas Sithole | B26: =Data_Students!E9 -> 49 | C26: =Data_Students!F9 -> 50 | D26: =C26-B26 -> 1 | F26: =IF(Data_Students!G9<0.9,Data_Students!B9,"") -> Lucas Sithole | G26: =IF(Data_Students!G9<0.9,Data_Students!G9,"") -> 0.87 | H26: =IF(Data_Students!G9<0.9,Data_Students!H9,"") -> Fail
A27: =Data_Students!B10 -> Mason van Wyk | B27: =Data_Students!E10 -> 35 | C27: =Data_Students!F10 -> 40 | D27: =C27-B27 -> 5 | F27: =IF(Data_Students!G10<0.9,Data_Students!B10,"") -> Mason van Wyk | G27: =IF(Data_Students!G10<0.9,Data_Students!G10,"") -> 0.82 | H27: =IF(Data_Students!G10<0.9,Data_Students!H10,"") -> Fail
A28: =Data_Students!B11 -> Mia Ndlovu | B28: =Data_Students!E11 -> 88 | C28: =Data_Students!F11 -> 90 | D28: =C28-B28 -> 2 | F28: =IF(Data_Students!G11<0.9,Data_Students!B11,"") | G28: =IF(Data_Students!G11<0.9,Data_Students!G11,"") | H28: =IF(Data_Students!G11<0.9,Data_Students!H11,"")
A29: =Data_Students!B12 -> Minenhle Khumalo | B29: =Data_Students!E12 -> 42 | C29: =Data_Students!F12 -> 55 | D29: =C29-B29 -> 13 | F29: =IF(Data_Students!G12<0.9,Data_Students!B12,"") | G29: =IF(Data_Students!G12<0.9,Data_Students!G12,"") | H29: =IF(Data_Students!G12<0.9,Data_Students!H12,"")
A30: =Data_Students!B13 -> Noah Jansen | B30: =Data_Students!E13 -> 58 | C30: =Data_Students!F13 -> 62 | D30: =C30-B30 -> 4 | F30: =IF(Data_Students!G13<0.9,Data_Students!B13,"") -> Noah Jansen | G30: =IF(Data_Students!G13<0.9,Data_Students!G13,"") -> 0.85 | H30: =IF(Data_Students!G13<0.9,Data_Students!H13,"") -> Pass
... A33: =Data_Students!B16 -> Zayd Williams | B33: =Data_Students!E16 -> 64 | C33: =Data_Students!F16 -> 59 | D33: =C33-B33 -> -5 | F33: =IF(Data_Students!G16<0.9,Data_Students!B16,"") | G33: =IF(Data_Students!G16<0.9,Data_Students!G16,"") | H33: =IF(Data_Students!G16<0.9,Data_Students!H16,"")
A50: Status | B50: Count
A51: Pass | B51: =COUNTIF(Data_Students!H2:H16,"Pass") -> 12
A52: Fail | B52: =COUNTIF(Data_Students!H2:H16,"Fail") -> 3

Sheet Data_Students
A1: Student ID | B1: Name | C1: Grade Level | D1: Subject | E1: Term 1 Score | F1: Term 2 Score | G1: Attendance | H1: Pass/Fail
A2: STU06 | B2: Amara Okafor | C2: Grade 12 | D2: History | E2: 80 | F2: 85 | G2: 0.96 | H2: Pass
A3: STU14 | B3: Ava Mokoena | C3: Grade 12 | D3: History | E3: 71 | F3: 75 | G3: 0.94 | H3: Pass
A4: STU08 | B4: Chloe De Beer | C4: Grade 10 | D4: Science | E4: 77 | F4: 81 | G4: 0.93 | H4: Pass
A5: STU11 | B5: Elijah Jones | C5: Grade 12 | D5: History | E5: 52 | F5: 48 | G5: 0.84 | H5: Pass
A6: STU03 | B6: Ethan Smith | C6: Grade 11 | D6: Mathematics | E6: 73 | F6: 71 | G6: 0.88 | H6: Pass
A7: STU04 | B7: Fatima Patel | C7: Grade 11 | D7: Science | E7: 91 | F7: 94 | G7: 0.98 | H7: Pass
A8: STU01 | B8: Liam Naidoo | C8: Grade 10 | D8: Mathematics | E8: 85 | F8: 88 | G8: 0.95 | H8: Pass
A9: STU09 | B9: Lucas Sithole | C9: Grade 11 | D9: Mathematics | E9: 49 | F9: 50 | G9: 0.87 | H9: Fail
A10: STU15 | B10: Mason van Wyk | C10: Grade 10 | D10: Science | E10: 35 | F10: 40 | G10: 0.82 | H10: Fail
A11: STU12 | B11: Mia Ndlovu | C11: Grade 10 | D11: Mathematics | E11: 88 | F11: 90 | G11: 0.97 | H11: Pass
A12: STU02 | B12: Minenhle Khumalo | C12: Grade 10 | D12: Science | E12: 42 | F12: 55 | G12: 0.91 | H12: Fail
A13: STU05 | B13: Noah Jansen | C13: Grade 10 | D13: Mathematics | E13: 58 | F13: 62 | G13: 0.85 | H13: Pass
... A16: STU07 | B16: Zayd Williams | C16: Grade 12 | D16: History | E16: 64 | F16: 59 | G16: 0.9 | H16: Pass
